date,city,avg_temp_c,humidity_pct,pm25
2023-01-01,London,19.96714153011233,73.9196365086843,32.92603548243223
2023-01-01,Berlin,,72.48435466776273,50.157729272097896
2023-01-01,Warsaw,10.305256140650478,40.909498032426036,43.13840065378947
2023-01-01,Paris,-11.125490126936015,47.47374841188251,49.25554523595355
2023-01-01,Madrid,5.91975924478789,57.364199053022155,13.815444479970626
2023-01-02,London,40.59488031037793,32.78702476319987,40.91349532819402
2023-01-02,Berlin,8.99361310081195,71.05398159072942,30.624593753100847
2023-01-02,Warsaw,9.663511961575132,84.55922412472692,34.91708206519811
2023-01-02,Paris,17.088635950047554,62.80261676059678,5.604948141803366
2023-01-02,Madrid,17.186383160538625,85.312454101387,48.22641558422916
2023-01-03,London,13.843517176117595,53.320637381368925,30.483444566160667
2023-01-03,Berlin,1.5332190263865382,62.56176498949491,21.7911310092934
2023-01-03,Warsaw,8.230779996940413,30.331327027416144,44.175144332613016
2023-01-03,Paris,23.943323301087617,34.442679104045425,46.32496695867104
2023-01-03,Madrid,18.31263431403564,49.85388149115895,49.63317690683539
2023-01-04,London,26.79716344700701,68.25344828131279,21.526880908164827
2023-01-04,Berlin,18.61636025047634,75.64710291701385,25.323203680923136
2023-01-04,Warsaw,,55.652461101512976,21.194137923989363
2023-01-04,Paris,15.870470682381713,48.8613588645796,30.514889743011988
2023-01-04,Madrid,9.655835463264948,75.33306831258292,12.57419193778496
2023-01-05,London,6.915063971068124,85.78185914055439,27.47364434623195
2023-01-05,Berlin,17.571168700562794,41.19420353316215,39.717693437947574
2023-01-05,Warsaw,7.979469061226476,43.6761097525165,30.085067801033475
2023-01-05,Paris,-11.551760475634701,43.326468628243816,40.182769158331496
2023-01-05,Madrid,13.387142883339909,61.12743730460197,41.060762852218076
2023-01-06,London,14.814491954883598,48.052698589006184,NA
2023-01-06,Berlin,15.602302099410265,33.08872507499936,71.94863168727929
2023-01-06,Warsaw,9.252907923866005,59.36716561665378,28.677526694901747
2023-01-06,Paris,26.428228145150207,44.25825263954398,46.27899549030161
2023-01-06,Madrid,29.05205305878188,62.14648104448551,55.88488630237855
2023-01-07,London,5.094636748693116,32.44650849328583,26.50553405595842
2023-01-07,Berlin,15.091443457401374,43.58974651187628,29.51691054751186
2023-01-07,Warsaw,5.805757657661969,86.20379932420407,58.24901607526309
2023-01-07,Paris,11.43254974231806,69.59904276205074,43.34182697800948
2023-01-07,Madrid,-1.0748323456122755,35.586166068353954,37.769507877984566
2023-01-08,London,0.5995855231620197,50.95257447675965,52.8609088417046
2023-01-08,Berlin,17.504928503458764,68.52189876925726,40.19672314245464
2023-01-08,Warsaw,17.262882694988747,30.55182309699778,47.71102148864958
2023-01-08,Paris,33.65774511144757,69.11767557015602,42.10749381367681
2023-01-08,Madrid,7.488205753360716,74.78948430708145,18.043579203192046
2023-01-09,London,23.2206015999449,35.62048606968555,63.451894739809205
2023-01-09,Berlin,23.786735481908956,67.86831755983577,31.406082377092858
2023-01-09,Warsaw,12.35343166762044,41.71457926788267,75.80253749884429
2023-01-09,Paris,15.41980064470023,40.62664076442294,32.94092274353276
2023-01-09,Madrid,12.765372146741491,30.927396991732046,45.71000741138138
2023-01-10,London,10.475377676553308,53.105863716115515,46.65574692355412
2023-01-10,Berlin,17.14093744130204,86.16928644964686,16.31391831932018
2023-01-10,Warsaw,17.30953722945133,89.4032310062558,22.86594662914458
2023-01-10,Paris,18.577873603482832,71.82094445971609,43.41176789552352
2023-01-10,Madrid,24.05121959956559,78.60680368075084,25.94143441273207
2023-01-11,London,20.15047686306048,77.89771073800651,92.79097235982081
2023-01-11,Berlin,17.322961581764048,50.27970941109215,37.64271383078482
2023-01-11,Warsaw,10.146364521708964,57.93588108794761,36.22811209079484
2023-01-11,Paris,10.854681946101085,32.24089132495286,36.20298068811222
2023-01-11,Madrid,15.642800190954627,76.19961318591665,18.83382833106041
2023-01-12,London,38.89035957392463,68.2457940898924,62.651206374808
2023-01-12,Berlin,-5.251425866576071,77.71117168612221,37.796814721541416
2023-01-12,Warsaw,7.281809222432448,40.39765920425074,59.91952595912231
2023-01-12,Paris,32.65454240281097,69.61184260306388,41.07472566441433
2023-01-12,Madrid,18.772962654604093,66.70324477406113,59.770264797192354
2023-01-13,London,27.669111491866225,30.863609317785354,NA
2023-01-13,Berlin,12.62608038793331,35.870049639060085,63.080085207084565
2023-01-13,Warsaw,12.474318486068396,53.91028406384241,16.283252270527257
2023-01-13,Paris,13.715878534602918,67.55159494285418,28.015028431181804
2023-01-13,Madrid,5.18491348952049,34.23412484402579,NA
2023-01-14,London,21.47162696787044,64.52845067255274,36.89142241736044
2023-01-14,Berlin,36.330333746562665,86.48788852659152,5.718683007162472
2023-01-14,Warsaw,10.135672339476393,49.138537817625675,NA
2023-01-14,Paris,9.106352430557884,37.08988965729937,47.744031455315366
2023-01-14,Madrid,18.620139119424707,78.20885582309091,43.71971201053586
2023-01-15,London,22.47293605123262,89.4303085200404,44.155553981501974
2023-01-15,Berlin,8.30797271818787,85.84543953621389,52.42905976620162
2023-01-15,Warsaw,23.2541634898803,36.187432130155955,47.20264454000958
2023-01-15,Paris,9.768119064128902,83.73139370977202,NA
2023-01-15,Madrid,18.241663524884423,87.03642881625336,33.047854184484734
2023-01-16,London,-2.9204510013521485,49.71987272219496,28.298397323151384
2023-01-16,Berlin,21.24119817052155,35.47236618292142,44.4251826389642
2023-01-16,Warsaw,-5.900177486302795,83.26225096549798,61.55647274850078
2023-01-16,Paris,19.129314542756244,67.09308379897567,26.54413170794038
2023-01-16,Madrid,10.6669659309744,79.31160355742136,38.057340912912004
2023-01-17,London,0.5191565850267583,78.76797403545015,13.888043384351672
2023-01-17,Berlin,8.357725566955772,35.010043001920124,55.40167049372257
2023-01-17,Warsaw,23.576596232020194,36.67184893836908,NA
2023-01-17,Paris,8.176573988798461,37.12907497608431,34.277067716962804
2023-01-17,Madrid,20.193465142411725,87.73035290847253,57.99108369503867
2023-01-18,London,,87.79335236643668,41.865146816432585
2023-01-18,Berlin,17.24092481810417,34.42779388412393,35.18888601172692
2023-01-18,Warsaw,37.75761297567203,71.74492133907702,41.09340027574893
2023-01-18,Paris,23.72320636720678,32.72678282048747,37.75013008607527
2023-01-18,Madrid,13.890680643704899,67.2079558680922,49.64463689721654
2023-01-19,London,-6.238957243098071,65.01936671105233,27.113674674788584
2023-01-19,Berlin,-4.12706517064219,78.82770118241692,40.43714688207953
2023-01-19,Warsaw,1.7976679297935778,85.9637090012408,NA
2023-01-19,Paris,14.263888842080936,78.63319984690997,30.766682165191835
2023-01-19,Madrid,-2.131345290908776,88.19486386887618,55.30808561248119
2023-01-20,London,-9.522646013157331,46.40442431584238,21.480592720029982
2023-01-20,Berlin,15.052436997181832,76.13924491083063,35.70470890647113
2023-01-20,Warsaw,11.869762917835594,37.7495649090897,11.01314791193776
2023-01-20,Paris,22.1161487808889,67.08769442747375,18.130368622431963
2023-01-20,Madrid,17.423336860831125,76.33910350413836,65.71098381695357
2023-01-21,London,35.60747924881987,82.5992161595007,61.33011263664807
2023-01-21,Berlin,29.89045173884479,42.777849690534644,NA
2023-01-21,Warsaw,25.58424486849588,53.53464270598394,8.618907703653285
2023-01-21,Paris,17.001344191734226,77.01918076446859,2.4370125780438485
2023-01-21,Madrid,-2.033824393551548,57.54814537429568,34.16678451655072
2023-01-22,London,26.22677684798021,44.408737126691584,13.38206359256002
2023-01-22,Berlin,18.665982460968483,40.91280506394869,20.90180320508967
2023-01-22,Warsaw,35.55092608621472,40.33919227209779,NA
2023-01-22,Paris,9.697423816275592,40.62062905660481,23.106907516064837
2023-01-22,Madrid,0.6591113076747597,51.85619166288453,32.12700764130061
2023-01-23,London,8.002744920074143,82.41471744640663,38.20969866101333
2023-01-23,Berlin,23.5135426460051,74.89558142301951,25.69454416196672
2023-01-23,Warsaw,12.24948302848356,67.09528629181776,0.47118252896622437
2023-01-23,Paris,23.514020923788287,83.71241026123195,20.18096231305188
2023-01-23,Madrid,13.720824085192335,61.95703598730139,20.666893390993614
2023-01-24,London,13.130948774395911,49.3247499349907,34.28313683939693
2023-01-24,Berlin,31.871416350725646,77.3502743164403,48.224596354241754
2023-01-24,Warsaw,38.743294034923885,74.7263684510598,50.21799039030947
2023-01-24,Paris,6.243817466152429,68.75503447989607,14.25800403553496
2023-01-24,Madrid,15.276909316162127,44.233607504159664,36.910482178057336
2023-01-25,London,8.493574308781731,41.19402144307834,27.69311924352956
2023-01-25,Berlin,-10.027595216622153,88.94271701451638,45.26963302332753
2023-01-25,Warsaw,9.232286694316674,40.25325524340395,46.33086838738634
2023-01-25,Paris,35.43320489682306,46.79874561961705,59.29418233155967
2023-01-25,Madrid,7.367408434574831,60.456622721067305,7.926768490032213
2023-01-26,London,-0.24290533169992123,64.87429328535674,46.96604471867952
2023-01-26,Berlin,8.481638921978409,50.196256691635234,35.71098006974621
2023-01-26,Warsaw,8.980313211036155,70.89016333343577,46.403766419530406
2023-01-26,Paris,-9.716445001272895,50.93209599257972,23.046571167942847
2023-01-26,Madrid,16.69729284390374,40.87398396993961,36.340908787184745
2023-01-27,London,26.677820616598073,38.38634259757737,38.816312649518196
2023-01-27,Berlin,11.815214893496606,78.87448321388293,30.214144684004854
2023-01-27,Warsaw,23.711247034316923,53.546706445358126,30.109647017482384
2023-01-27,Paris,8.235869795159614,48.08267244984852,1.5450513856116643
2023-01-27,Madrid,18.269273737641626,53.033473282392684,31.713492067867037
2023-01-28,London,6.151840580820151,86.3899274168085,39.304118918364466
2023-01-28,Berlin,18.38496407494414,67.20436535571082,28.770681291487982
2023-01-28,Warsaw,10.126049760788522,48.70332406773289,41.05730838018958
2023-01-28,Paris,15.715662372193925,75.74752114444144,27.835138298523248
2023-01-28,Madrid,27.86974963849594,38.99504564092643,28.330436626315397
2023-01-29,London,23.696059201056602,71.636906668026,55.33456788207427
2023-01-29,Berlin,4.416145971529479,84.5070336800177,27.306284375428767
2023-01-29,Warsaw,21.543656563540576,39.20108418696481,34.16622993634317
2023-01-29,Paris,12.971537803298475,82.3274345366491,35.70373152425388
2023-01-29,Madrid,19.810092317367133,72.43431805880391,38.35826036418697
2023-01-30,London,1.5855484220030256,74.18665413748337,63.30242168186355
2023-01-30,Berlin,5.103951797414192,89.09047193774008,33.11319619850528
2023-01-30,Warsaw,40.386911017374864,53.94016223220781,42.85929000661691
2023-01-30,Paris,4.878956247398325,62.24373617627537,10.17714992201346
2023-01-30,Madrid,27.701255465757157,57.133076453388426,22.722886744364132
2023-01-31,London,12.542569359140558,59.902066364368785,30.909146453784942
2023-01-31,Berlin,,67.93585727517183,7.326421395558594
2023-01-31,Warsaw,12.311113094451695,35.12098008471863,18.402111368874944
2023-01-31,Paris,8.224337872662929,74.99762822395067,37.23929845208716
2023-01-31,Madrid,9.263379931197637,32.192980070885696,26.79711588139412
2023-02-01,London,28.885822690402883,56.44576481629369,-4.89027035574059
2023-02-01,Berlin,11.573124059196513,81.70713726081104,29.428387010063126
2023-02-01,Warsaw,,54.52405026588578,15.101914758353615
2023-02-01,Paris,24.35678393147461,31.62575955020901,54.07332642491238
2023-02-01,Madrid,15.987457776373347,40.71267972326002,33.044822810191874
2023-02-02,London,12.59674601841865,73.33601591133956,29.377687886756036
2023-02-02,Berlin,31.463972426799735,42.29905772494926,19.893659535406083
2023-02-02,Warsaw,18.26133022242118,55.28547303554988,16.233296354220457
2023-02-02,Paris,2.5849876905087754,52.78154449003601,22.755418864177315
2023-02-02,Madrid,2.19570647503717,63.12283085111881,61.32191272976547
2023-02-03,London,24.718226901727355,77.99131535683891,NA
2023-02-03,Berlin,18.078017688920593,68.00869318956885,9.347474110150618
2023-02-03,Warsaw,,46.338439591162135,36.512261333810784
2023-02-03,Paris,16.958452550976816,46.44331324123236,20.32440833577452
2023-02-03,Madrid,10.308522798050653,30.659749719508827,42.904061189476856
2023-02-04,London,17.560297343138757,66.0310116260192,49.74036475918271
2023-02-04,Berlin,13.418985099298014,52.98831169496985,NA
2023-02-04,Warsaw,20.17659020469123,34.967920075507585,24.113842802698016
2023-02-04,Paris,-0.240152417270302,51.34036298789695,23.023414288744195
2023-02-04,Madrid,5.50601111168057,69.8202699217589,74.48573097256086
2023-02-05,London,21.075668643313584,33.08554880905502,12.212300255207346
2023-02-05,Berlin,26.49273326285676,36.39589518802631,24.45235362311169
2023-02-05,Warsaw,34.750273536307816,56.089640316224774,34.29103021056486
2023-02-05,Paris,21.32407739055521,46.32870823379776,49.58831674440095
2023-02-05,Madrid,1.8065211086259438,62.514056842701486,31.606321714869857
2023-02-06,London,20.597904479310397,71.53659387107115,51.21171088331933
2023-02-06,Berlin,-0.2655186169774648,89.26008047979883,NA
2023-02-06,Warsaw,19.296182191325858,40.83452070764001,38.115315307446664
2023-02-06,Paris,19.46639731517086,88.26349470992207,31.80091436051313
2023-02-06,Madrid,15.283183761304612,49.146028394595334,NA
2023-02-07,London,0.9484007763554008,37.23401314663673,42.515500152760175
2023-02-07,Berlin,27.55756125573521,33.92138044793654,21.58089046670744
2023-02-07,Warsaw,8.494151584431432,67.55348258622055,50.65318863929831
2023-02-07,Paris,15.822839892754242,86.34406191077377,50.98220562598027
2023-02-07,Madrid,27.231709505914573,54.11585481655453,24.748523148048157
2023-02-08,London,10.54497478599228,55.281420136624206,56.80076715676552
2023-02-08,Berlin,11.996395119113714,47.2343394992449,22.928196250095127
2023-02-08,Warsaw,14.653151126132189,53.0595988295809,38.51322098804781
2023-02-08,Paris,13.342769468533849,82.74709845372988,22.616227354738086
2023-02-08,Madrid,3.7727797843770148,89.4701175682186,40.736146192760756
2023-02-09,London,26.67102914383636,60.76131066099052,59.316628366815735
2023-02-09,Berlin,8.768594735752355,76.7750684140052,26.667843212596182
2023-02-09,Warsaw,11.266007316234306,75.49430854224548,17.396446894818123
2023-02-09,Paris,9.477769557190287,43.42905688935738,44.493977266332664
2023-02-09,Madrid,6.598899214166616,82.64765175782281,37.47046741155711
2023-02-10,London,17.85865390724905,69.3145188383413,40.01685184980538
2023-02-10,Berlin,-2.4854698495752636,45.585227025619574,16.13989549356733
2023-02-10,Warsaw,9.823887009638286,81.07241484292612,38.35681927458348
2023-02-10,Paris,27.05628077952837,50.86855247413158,40.147025765253105
2023-02-10,Madrid,20.83928185325964,77.8455612964157,29.610618638194108
2023-02-11,London,19.05617593140379,80.22079970182033,45.72510520701711
2023-02-11,Berlin,28.821589910375273,39.51630631758442,44.73064831384464
2023-02-11,Warsaw,11.296766314027034,74.61049537749646,22.496615190811
2023-02-11,Paris,15.287448229348175,30.383152303010014,54.176777939109485
2023-02-11,Madrid,15.246420984285843,45.588214863849586,36.34934222190185
2023-02-12,London,11.922217650469992,75.66167415012168,38.287254914959085
2023-02-12,Berlin,27.089819441064655,85.92168633060105,13.377586279045772
2023-02-12,Warsaw,10.535663854494718,48.057814016808976,37.911349893474615
2023-02-12,Paris,,67.25493106604863,49.475224415948446
2023-02-12,Madrid,,75.49579175574135,NA
2023-02-13,London,13.68961593001004,76.22444506846759,4.471396390617443
2023-02-13,Berlin,0.5198609958375595,39.81742927150015,2.0179106506987736
2023-02-13,Warsaw,26.218531894268484,46.395571619892564,54.65815737038319
2023-02-13,Paris,21.50201177958661,55.18363901556734,33.51236204330926
2023-02-13,Madrid,23.97888538760342,43.79727635346517,NA
2023-02-14,London,2.48460575809556,81.86149499037822,56.65646906109889
2023-02-14,Berlin,17.69669357397071,76.59581116750451,31.54915346605426
2023-02-14,Warsaw,,37.87469266094325,54.93728795198647
2023-02-14,Paris,27.492017674875335,58.891341090753,42.37106850529246
2023-02-14,Madrid,8.236076979407303,42.0314836020202,62.01410649366223
2023-02-15,London,-0.914046474962884,77.85354603823129,43.47051593804234
2023-02-15,Berlin,10.476936807509233,66.00123288715822,-1.3581898994343504
2023-02-15,Warsaw,18.72131391093161,32.37712952090143,42.18308245897754
2023-02-15,Paris,14.963974609094317,67.08934405908715,17.624529662111858
2023-02-15,Madrid,,51.037615872550845,35.56490349751907
2023-02-16,London,4.983799901050844,64.05245089569348,30.783495606710677
2023-02-16,Berlin,10.06537183635984,36.274070420064014,28.325250179392107
2023-02-16,Warsaw,15.59630369920174,72.54363116705498,25.29594833441639
2023-02-16,Paris,9.205367259299297,78.88950682479074,51.335149726771604
2023-02-16,Madrid,28.173940656343255,57.13909707109801,37.96399407038599
2023-02-17,London,11.3047838317777,33.62112503943383,38.06824094136118
2023-02-17,Berlin,11.796526918056799,88.55191534914788,41.36248919602875
2023-02-17,Warsaw,21.186865478479056,59.89174298718834,51.93986656309251
2023-02-17,Paris,15.380034781682003,41.972547055748706,36.80046990077392
2023-02-17,Madrid,25.910461021646675,73.63014418597848,33.33899856378956
2023-02-18,London,,89.25897382416346,13.034376796852698
2023-02-18,Berlin,-0.6180686139547156,73.51545962490819,65.02605653795203
2023-02-18,Warsaw,13.273727000591803,46.60966783410309,48.25489906230008
2023-02-18,Paris,20.32859892813459,67.89361320555123,16.192876493101146
2023-02-18,Madrid,19.94030186282739,40.78098653221452,38.910106487358604
2023-02-19,London,18.238001276059453,59.53667138688209,30.627650315097647
2023-02-19,Berlin,22.716987106483447,51.55400216398594,-7.72813930945113
2023-02-19,Warsaw,18.74280055577306,45.48800596206765,33.697328343047126
2023-02-19,Paris,10.322987986881087,88.18926270471269,40.197558225960734
2023-02-19,Madrid,-5.951575226799854,79.73300195295657,38.81260838369303
2023-02-20,London,30.007597906343108,40.02251447405699,NA
2023-02-20,Berlin,23.470790099850344,58.477852544988835,53.3375137233032
2023-02-20,Warsaw,25.302834540318422,42.350472602206096,38.581837385397705
2023-02-20,Paris,,86.19634153769769,24.68684822990613
2023-02-20,Madrid,22.326400772155793,48.96936629860503,NA
2023-02-21,London,16.393425936212644,82.07509767120132,41.78802337732002
2023-02-21,Berlin,,38.379075285378775,32.90615557767239
2023-02-21,Warsaw,5.615320897941514,70.40594599949503,44.664022392639524
2023-02-21,Paris,8.762310393041949,82.08853526265032,63.71047030800179
2023-02-21,Madrid,14.691123644284199,67.07083441207283,65.05110900773157
2023-02-22,London,26.05525932957984,42.94050914386303,52.805454583405705
2023-02-22,Berlin,7.283716775831216,69.47071827618217,NA
2023-02-22,Warsaw,14.358616534070075,82.24520702023554,39.93143615455221
2023-02-22,Paris,20.644029878932663,54.24841929906198,40.33325944511529
2023-02-22,Madrid,20.97400069849858,77.86881893151806,45.517591134663476
2023-02-23,London,16.20499958789301,30.345519629887296,19.56988500306374
2023-02-23,Berlin,30.94505063224972,53.31348607622074,22.295579775225082
2023-02-23,Warsaw,2.0685467635384214,34.39175542610662,25.985390554949582
2023-02-23,Paris,8.118496548222762,52.78714681075379,68.78653708016463
2023-02-23,Madrid,10.457557248467376,50.474869657569386,34.70096907131285
2023-02-24,London,25.225704320096405,66.47430556760668,71.59628609508908
2023-02-24,Berlin,12.473143119990361,85.6220726877784,40.88126794551304
2023-02-24,Warsaw,7.4603541113332374,59.15230555117954,30.78987384699839
2023-02-24,Paris,24.709007319343094,62.34967660051527,25.738300813113526
2023-02-24,Madrid,5.103718634296625,54.81294609152109,49.111567819823236
2023-02-25,London,5.30800389686234,61.50980302002361,43.26555953363806
2023-02-25,Berlin,-0.9299373353166924,87.77561251425479,41.607121069405984
2023-02-25,Warsaw,9.210367448058292,67.98908253564134,35.95532590477424
2023-02-25,Paris,15.488600703257044,43.68478631693595,35.608875368058236
2023-02-25,Madrid,26.49419728263715,84.00138740388067,30.486439709579614
2023-02-26,London,7.815927344308026,79.3568591108207,48.42386565416662
2023-02-26,Berlin,17.394774617058964,57.10606072423374,23.269735446385887
2023-02-26,Warsaw,21.337768809320984,43.00438800544654,NA
2023-02-26,Paris,27.24584437626143,62.8018447628442,59.35094843448569
2023-02-26,Madrid,14.117179516487452,89.26713121289325,73.69564006481477
2023-02-27,London,0.6438117178655993,73.05586593949057,6.303403622314622
2023-02-27,Berlin,20.689830791852753,46.44963999358835,59.42594934692807
2023-02-27,Warsaw,3.992207171633151,51.29977834991624,24.330520628591934
2023-02-27,Paris,17.337859117907477,82.80474525368749,11.66156530694559
2023-02-27,Madrid,3.27396743138684,70.1692173118914,16.497978480798416
2023-02-28,London,31.725723868377035,57.91233673702309,41.28528514049068
2023-02-28,Berlin,5.093076113622967,62.14966106838487,44.441203773301815
2023-02-28,Warsaw,7.644700574102334,69.89470346923308,53.54139762815656
2023-02-28,Paris,9.660908986832002,39.14496079982504,13.892839606776253
2023-02-28,Madrid,27.130976999791834,61.25747863632253,37.12575370459857
2023-03-01,London,9.725306763861436,79.5640578151517,40.42514878135483
2023-03-01,Berlin,7.140105394920505,35.25856480583031,15.031505696633328
2023-03-01,Warsaw,6.519013006607683,56.83215243029014,10.984710534473717
2023-03-01,Paris,14.939290884601066,89.52948088939877,47.577361616774624
2023-03-01,Madrid,10.614127937427043,82.67845922670418,52.494541208551844
2023-03-02,London,8.319095463569512,34.85515698307513,49.88063524304784
2023-03-02,Berlin,4.6342408364370264,88.53661205159489,54.696027733830725
2023-03-02,Warsaw,14.74973041254856,66.37517626505866,47.266494488004305
2023-03-02,Paris,-10.25718633602488,38.782439529734944,35.95935180366399
2023-03-02,Madrid,15.566499248971072,87.94932966919319,42.94539131535096
2023-03-03,London,-13.882712051927246,36.33988105570464,39.39903971200255
2023-03-03,Berlin,30.307508323436974,39.12149118771889,53.28142777545975
2023-03-03,Warsaw,8.113332450370567,89.69197903018602,34.06014565696333
2023-03-03,Paris,8.865973364590602,71.52968050164792,30.462954702678076
2023-03-03,Madrid,-0.3429862638445851,67.43375017749831,48.686528738887496
2023-03-04,London,1.3312130158457887,52.06556105263738,31.628518971609747
2023-03-04,Berlin,23.78643509726043,30.661875865718834,46.43297601188317
2023-03-04,Warsaw,9.537555517475173,62.1186078871555,NA
2023-03-04,Paris,5.058937669578073,62.87756933842158,34.535915042665636
2023-03-04,Madrid,14.726954604900682,39.00291988163906,21.00098061390206
2023-03-05,London,-8.026969895447166,53.66857671420212,28.325813598129926
2023-03-05,Berlin,8.309272613400834,71.28808236519254,50.59857031094115
2023-03-05,Warsaw,14.11657340990905,68.23208860849682,48.82024404479745
2023-03-05,Paris,28.01741289398798,33.999122433641396,58.42266795090279
2023-03-05,Madrid,,70.8136667525012,60.83192908527455
2023-03-06,London,,34.27540366591552,37.77020458797362
2023-03-06,Berlin,6.975072667883527,47.792134877259315,54.48216987270578
2023-03-06,Warsaw,4.5308901731806035,40.44656012004506,43.049791287909294
2023-03-06,Paris,7.182874793880313,31.25669766185477,48.19388881979549
2023-03-06,Madrid,24.960476858058165,67.47981413125584,23.64807367145809
2023-03-07,London,17.81179562269453,76.47802683826728,21.115687253384504
2023-03-07,Berlin,8.56481769619857,88.79821976153104,48.917601921218555
2023-03-07,Warsaw,22.458012510604036,69.38871643989016,43.901437597904135
2023-03-07,Paris,4.551908059789664,56.36429938166713,5.504651159359973
2023-03-07,Madrid,10.161888684589034,41.848229391596234,30.028155534130416
2023-03-08,London,23.60473488359745,81.68219978180616,26.25383842146592
2023-03-08,Berlin,23.375627033583726,57.632369836448404,22.795319659104884
2023-03-08,Warsaw,21.628812686674127,40.645726168182414,52.60210786227987
2023-03-08,Paris,14.056282499646189,73.55879459911773,33.71160125423312
2023-03-08,Madrid,27.382830714336357,73.96809268597504,35.319073651040924
2023-03-09,London,-3.991763879154675,63.90131957154097,36.17644098527964
2023-03-09,Berlin,27.897527540827454,39.60429809727438,NA
2023-03-09,Warsaw,23.284545156951065,89.5085970809618,21.09930346261728
2023-03-09,Paris,9.194765501952773,63.30509695813718,43.82867606630914
2023-03-09,Madrid,9.853584507818528,77.02750706912383,NA
2023-03-10,London,7.1510168691775995,87.48440880716282,44.72420650765788
2023-03-10,Berlin,10.458104416884844,82.59904570969204,22.694842632039567
2023-03-10,Warsaw,32.269638512334055,83.17174682790447,29.005457215780964
2023-03-10,Paris,31.810923149304877,30.193095816256722,23.736416753298286
2023-03-10,Madrid,9.481418541075533,68.53953155431364,73.37298928502378
2023-03-11,London,33.61315597236394,66.20925999578729,63.29921969134115
2023-03-11,Berlin,22.783610761666377,59.89534093580722,26.732214255071998
2023-03-11,Warsaw,26.159020533653614,72.46085608445495,25.261016328861132
2023-03-11,Paris,3.58310885866495,49.69156521655869,32.095108110804226
2023-03-11,Madrid,19.800595800866834,74.1397868543514,14.518069667117295
2023-03-12,London,4.75813175670795,68.17064188249395,62.81138849501282
2023-03-12,Berlin,26.474093301916064,53.02997711598264,30.43664178242279
2023-03-12,Warsaw,,50.07067732451593,NA
2023-03-12,Paris,9.722231357540608,61.084725974328926,46.57158487873736
2023-03-12,Madrid,10.339634981317577,82.36381502907611,11.079453990998068
2023-03-13,London,13.0788894727856,58.97813232512131,55.8574967186112
2023-03-13,Berlin,14.724850949493637,56.21104215691077,61.583773950046165
2023-03-13,Warsaw,18.547784821701995,38.12124493666113,18.53206462476165
2023-03-13,Paris,13.998459235200473,45.70234102415436,31.94489374734551
2023-03-13,Madrid,6.59718569342871,75.56389574507782,21.157547154097504
2023-03-14,London,14.786327056515638,32.016816010996955,23.79182481278265
2023-03-14,Berlin,16.016442876895102,54.66573615604239,18.034604127620856
2023-03-14,Warsaw,15.669907172248719,86.20934772198551,42.73908826556149
2023-03-14,Paris,23.846067898626927,88.8778254298348,21.21229791918925
2023-03-14,Madrid,17.935579321666292,57.83594920130017,14.651272930648926
2023-03-15,London,6.915801754766131,39.07480972409607,30.271027336376804
2023-03-15,Berlin,17.005691972309428,61.403454682461984,52.22956024143073
2023-03-15,Warsaw,12.044587598534509,72.47010583378612,37.28473270364936
2023-03-15,Paris,4.2786098801439305,39.94647240979654,-8.820257252419111
2023-03-15,Madrid,10.516197809461177,54.70593249507051,65.15013933950002
2023-03-16,London,15.20793707675408,78.38421703397037,24.07995588156298
2023-03-16,Berlin,8.715151361039533,45.51725009328233,44.03715814159223
2023-03-16,Warsaw,16.226703159947956,42.29287644904275,59.370176877043406
2023-03-16,Paris,11.395265957954042,57.07436065085929,42.671232513949306
2023-03-16,Madrid,23.83109777147159,62.32210787716285,33.83244204480797
2023-03-17,London,25.383887557346117,52.825200450453735,42.581361398250486
2023-03-17,Berlin,16.132704105377645,47.22827748507453,13.425830325239499
2023-03-17,Warsaw,26.88145734706984,53.75822835974729,43.05115434518692
2023-03-17,Paris,19.84732817294475,77.59568102629527,22.3046501751369
2023-03-17,Madrid,12.344531619815763,89.01128836291332,42.25138232171905
2023-03-18,London,5.448774206506471,56.41940510210094,41.353985983901914
2023-03-18,Berlin,16.915209638659647,60.31240641459829,38.61857206483022
2023-03-18,Warsaw,4.376064718531204,82.91566549827864,41.42460645811473
2023-03-18,Paris,15.327244915407075,61.64397732736058,30.996279319785184
2023-03-18,Madrid,16.94384301577336,41.244716645854936,29.702505607839676
2023-03-19,London,33.078761587991906,48.861006791024906,40.26177763632214
2023-03-19,Berlin,-6.218548990085946,59.65274683501799,25.882670193583515
2023-03-19,Warsaw,20.458171745620152,79.55869276248491,22.40178655233897
2023-03-19,Paris,11.08241850956178,57.021058734324754,21.163847232522464
2023-03-19,Madrid,-0.18448943964740216,80.4868531850856,53.65779398879472
2023-03-20,London,5.962981392698719,70.57065372452604,39.865389225824046
2023-03-20,Berlin,10.979332554833293,80.22246751457641,42.86397016464753
2023-03-20,Warsaw,16.26379579546412,48.31864060180388,NA
2023-03-20,Paris,25.28682610696392,86.29828910690895,15.248767297669147
2023-03-20,Madrid,21.3472146856177,45.61721145396018,51.645497629343346
2023-03-21,London,5.336876142348675,56.82333262838553,37.25204174557077
2023-03-21,Berlin,-6.726695460140363,88.60801971063955,47.711325157256326
2023-03-21,Warsaw,12.781390962046938,81.50050060794726,41.32526702396667
2023-03-21,Paris,22.38810480887503,31.08039333602727,44.2305122601958
2023-03-21,Madrid,23.886627535509604,46.891271904895795,27.098668510175145
2023-03-22,London,18.672873134013408,35.792068211726445,NA
2023-03-22,Berlin,-3.8520005202111705,65.90144905786553,30.555988347366775
2023-03-22,Warsaw,24.503075919735757,83.53814988837914,60.65920058872888
2023-03-22,Paris,22.343046755614967,32.080216003589,25.260030321194087
2023-03-22,Madrid,15.700521631131814,33.81845455719854,52.42817453912286
2023-03-23,London,17.651555272988873,79.75720795900534,44.62895802442327
2023-03-23,Berlin,-12.032322929992372,49.01679526746716,45.16812979296361
2023-03-23,Warsaw,23.858031376017195,56.602800862751266,38.45014285644255
2023-03-23,Paris,31.39964529371393,44.246008102488375,46.13191236607838
2023-03-23,Madrid,12.434120698178264,69.13345557272835,-1.0413090234953088
2023-03-24,London,15.436024463724538,68.04624188257988,60.4257656064613
2023-03-24,Berlin,10.604112889682263,32.738924730143026,1.8837362542614642
2023-03-24,Warsaw,0.9368253632816614,66.64680426454609,33.75341641056958
2023-03-24,Paris,12.950649621867546,30.45984195895352,NA
2023-03-24,Madrid,11.907909229501366,78.15514077478878,23.717653916141252
2023-03-25,London,18.7735070276323,53.8209024742315,32.292653166025495
2023-03-25,Berlin,11.809460643333818,60.44471632306853,23.059612147947664
2023-03-25,Warsaw,11.008881477972501,53.674564535858785,25.206548413826567
2023-03-25,Paris,17.671266510114833,66.47431284544223,42.63087534844901
2023-03-25,Madrid,16.448676646575553,71.1953948095564,25.778407022646228
2023-03-26,London,-6.518154013293049,37.26150002911158,24.212700211363696
2023-03-26,Berlin,20.11924091029275,70.11435880337484,32.47537649056896
2023-03-26,Warsaw,14.014118677157382,68.16576278457254,35.28274434417271
2023-03-26,Paris,18.81538562589331,37.23350498422141,44.54894488732744
2023-03-26,Madrid,3.562737926793382,30.702396643854243,36.62839558664785
2023-03-27,London,41.781098736383925,32.624344338536844,27.715232358639916
2023-03-27,Berlin,27.657078408647006,69.13749891551637,22.007377276782485
2023-03-27,Warsaw,33.40217134841991,46.52287045532511,23.81789761906827
2023-03-27,Paris,28.92465300064329,79.3453424200967,31.24930228101571
2023-03-27,Madrid,-3.1930792866472366,64.93192479564684,24.60219759145371
2023-03-28,London,25.32546204341657,52.47317322120728,51.90057705241375
2023-03-28,Berlin,5.355957453883077,31.526865594345054,28.547650466122448
2023-03-28,Warsaw,9.37831973421698,54.577733693713924,31.86167189383208
2023-03-28,Paris,-1.288901835745147,43.0735532552994,54.08731169898108
2023-03-28,Madrid,,59.13538197956387,41.36091566696135
2023-03-29,London,,32.3397607544947,41.13887581395864
2023-03-29,Berlin,12.412039373328977,47.35468631835927,58.979707557570755
2023-03-29,Warsaw,14.065659290830006,83.30422033852088,38.434736375916174
2023-03-29,Paris,13.92697855995771,53.130714284215344,41.715753887154165
2023-03-29,Madrid,16.83300212104993,62.50228874460024,17.295605906151593
2023-03-30,London,-3.010577341527391,45.56009383902567,26.859893003989676
2023-03-30,Berlin,2.38545166344891,87.98504315198444,22.024411604765106
2023-03-30,Warsaw,4.2725697426019345,56.642624952132174,38.588702961667245
2023-03-30,Paris,17.91861762000015,64.16264167093696,48.491974567223686
2023-03-30,Madrid,10.346895432199467,58.5327622492096,33.410774685437964
2023-03-31,London,17.65886298059333,82.19814957886109,61.53675050394929
2023-03-31,Berlin,17.691269412451074,46.546054095081416,29.852115867538842
2023-03-31,Warsaw,13.753822038098702,88.8592426897611,17.41112586720886
2023-03-31,Paris,-2.730324682068815,47.147013331552216,53.92882251070988
2023-03-31,Madrid,17.404712493302068,59.53952880007091,-1.296178711176438
2023-04-01,London,14.451059993837136,79.65113532637818,39.28331112286485
2023-04-01,Berlin,26.658060192083855,83.5854123117249,31.93317530472163
2023-04-01,Warsaw,20.93556722280862,67.59555066559261,NA
2023-04-01,Paris,34.57063640541641,73.3624174618937,31.378783843696908
2023-04-01,Madrid,5.2834326545871395,78.2662324607703,14.305727528166042
2023-04-02,London,9.643866615745882,30.8589166600236,47.84925656938516
2023-04-02,Berlin,8.585184047770477,75.20567533541814,41.47883817010911
2023-04-02,Warsaw,20.84503216119309,66.81624685424751,41.744838599387755
2023-04-02,Paris,13.369330360562362,54.42638934753766,23.826460327903263
2023-04-02,Madrid,16.067871934741735,86.86128155786824,32.97847131327322
2023-04-03,London,-3.9361466695378553,34.61172451656981,38.19940561059408
2023-04-03,Berlin,13.207895253746113,34.374110122074214,36.23769048984784
2023-04-03,Warsaw,7.308576502127018,78.20896459781308,20.90145348336703
2023-04-03,Paris,12.216088291890216,58.586219180627495,44.50041972265478
2023-04-03,Madrid,15.599326302663282,51.46884504681293,39.160654069372875
2023-04-04,London,15.079642826473304,56.960984522378524,50.055642857160166
2023-04-04,Berlin,17.096594152746256,44.515900818931776,27.62545721551929
2023-04-04,Warsaw,17.365817508761975,61.21019353864507,55.54563166954671
2023-04-04,Paris,14.744256878080055,47.056445575651004,8.463861426663225
2023-04-04,Madrid,8.738099677784334,46.57017346925397,35.230684720581586
2023-04-05,London,23.25098264667635,48.97620898375841,21.993046764336498
2023-04-05,Berlin,22.28684797216916,48.80087505510859,27.677045041516298
2023-04-05,Warsaw,23.50897962167972,52.63908323779157,32.93942317400905
2023-04-05,Paris,14.34452393218995,53.25892832733882,64.72537709600044
2023-04-05,Madrid,24.653974845911705,87.96285030772063,53.54196082709326
2023-04-06,London,4.446129829075126,36.32189533505139,50.87726815295487
2023-04-06,Berlin,13.605537243190005,87.40798892905717,28.247161027228827
2023-04-06,Warsaw,0.5851793839022257,52.122430251887714,31.858211515263864
2023-04-06,Paris,10.467515909769865,79.3307932089854,56.787013017061184
2023-04-06,Madrid,11.29409476927548,82.8094042752891,66.55709138191115
2023-04-07,London,-0.5375876601606429,38.196054219070355,47.26834487037543
2023-04-07,Berlin,25.751759356684584,53.7078544566902,14.469431846604976
2023-04-07,Warsaw,11.713815242510154,52.06715926536917,44.047811466235146
2023-04-07,Paris,,80.12881354453165,36.78527609080962
2023-04-07,Madrid,12.714000846599815,59.5718750668468,20.084759380872317
2023-04-08,London,14.226276086672272,57.845709567210235,35.22528839891434
2023-04-08,Berlin,3.1918718469115515,76.43948268916574,51.71482542003308
2023-04-08,Warsaw,,45.93496997751636,37.883521462928464
2023-04-08,Paris,16.018562952619867,50.88573559009728,NA
2023-04-08,Madrid,24.886691693580026,88.45166662898143,NA
2023-04-09,London,16.733416643704082,76.82256741425883,38.659297968627506
2023-04-09,Berlin,11.041712192683377,43.69412180962195,32.30563999647144
2023-04-09,Warsaw,13.241455955679289,33.47066696682964,59.922052485920275
2023-04-09,Paris,20.370908330611435,34.53630243700505,35.77439565066812
2023-04-09,Madrid,11.24803619676063,67.34481849395979,30.23427354865649
2023-04-10,London,18.257073578131997,68.15728242982371,29.456217066242942
2023-04-10,Berlin,6.891424887896617,85.04915058791941,16.136332116280755
2023-04-10,Warsaw,18.300650008126215,33.73219356988216,NA
2023-04-10,Paris,6.64857098369977,38.05649105413653,66.3430808254216
2023-04-10,Madrid,15.038030761231875,70.77721996410646,10.605209690576238
2023-04-11,London,13.196083182375922,62.794628521937696,NA
2023-04-11,Berlin,,42.551127924475665,16.51786505277751
2023-04-11,Warsaw,10.70755579701338,87.63761853079198,43.828299046560794
2023-04-11,Paris,15.479614459815467,45.57250699056542,39.977657948877734
2023-04-11,Madrid,16.897061676103956,88.87067020573767,25.070267333050865
2023-04-12,London,15.26681057110536,88.63847447949021,43.58139167607382
2023-04-12,Berlin,33.04348109786743,44.840418949145004,32.13644312409052
2023-04-12,Warsaw,17.32155949742035,76.29761465871647,NA
2023-04-12,Paris,2.495922660302824,49.300199379572916,44.0677298953305
2023-04-12,Madrid,13.461739728016333,31.750185818715867,21.90605484890651
2023-04-13,London,11.416598479787778,53.87019753012942,25.286872915472614
2023-04-13,Berlin,1.5588552963681312,75.25589840082137,10.951092997760757
2023-04-13,Warsaw,-3.665399513606161,77.25294515152675,50.11270534755383
2023-04-13,Paris,28.787097462633504,44.42393477361041,16.327531426727646
2023-04-13,Madrid,,43.251166977780535,NA
2023-04-14,London,17.139038682014817,46.9487246386216,32.15879493527675
2023-04-14,Berlin,34.764405845154855,61.00190311357606,11.536375824334229
2023-04-14,Warsaw,22.792738873941634,86.78739078902433,30.641373453539565
2023-04-14,Paris,13.724508796224658,59.85239112876613,57.66732395371021
2023-04-14,Madrid,9.492788043044888,81.3018120971961,19.60670541882459
2023-04-15,London,-11.04213856627134,78.6527148604751,37.98422220194742
2023-04-15,Berlin,25.370472887399295,69.27904121195726,46.1088630215457
2023-04-15,Warsaw,,55.513691126261634,39.79477738878466
2023-04-15,Paris,21.902368003802724,33.278065200058336,-3.375525748856532
2023-04-15,Madrid,,43.824999727040996,18.71262306672222
2023-04-16,London,27.1737356975163,80.90552274543148,47.30833128509559
2023-04-16,Berlin,26.941094030473725,79.00676799033816,20.282517032904778
2023-04-16,Warsaw,29.5973187503794,69.66085525483922,9.198461735782725
2023-04-16,Paris,6.695555934434347,76.83790304553344,42.837711578986365
2023-04-16,Madrid,-0.8846454041755809,72.86544984427454,46.894022802396606
2023-04-17,London,34.95667489783965,52.156846212932464,81.64877834008041
2023-04-17,Berlin,25.81942059740849,57.70296862878715,49.93298703624621
2023-04-17,Warsaw,21.659242520544613,46.444295360531456,41.32379915921683
2023-04-17,Paris,2.0088335569893285,88.71152810334843,16.666822869906177
2023-04-17,Madrid,19.577728661518858,86.82544002651115,60.11738650021306
2023-04-18,London,19.54183167189838,74.06663592453549,NA
2023-04-18,Berlin,-0.17873746680809433,72.29226060260291,29.644561987900858
2023-04-18,Warsaw,33.19223183299721,81.75842826895074,35.59904595822036
2023-04-18,Paris,-6.533429198712444,37.90290171474561,51.45729067630543
2023-04-18,Madrid,3.8285867312348962,82.28484205145125,19.818576713036343
2023-04-19,London,21.835693232004775,64.30475898862491,14.510664331991986
2023-04-19,Berlin,15.69746848841049,47.25796374262069,25.403532088338004
2023-04-19,Warsaw,-0.22359186217891036,73.96194303541682,51.69032562484888
2023-04-19,Paris,7.963454504334887,55.96601277595576,48.97969632439363
2023-04-19,Madrid,13.441018220633325,86.66691496165821,26.775690552640988
2023-04-20,London,3.145376464048999,55.10003184613681,42.81452248362243
2023-04-20,Berlin,5.3624107378938906,55.921135655670355,20.642736276574357
2023-04-20,Warsaw,1.716850485349493,88.24059272458464,36.16210578105845
2023-04-20,Paris,23.90198411124787,55.363718213635934,50.52874002085629
2023-04-20,Madrid,6.714845638625002,58.9823818535334,25.05823281808451
2023-04-21,London,17.07267329398944,66.21823203356251,36.04016505554375
2023-04-21,Berlin,14.166157247257068,35.52401916494853,37.78538884611589
2023-04-21,Warsaw,2.004187630724024,30.9066410528685,47.44598626818762
2023-04-21,Paris,26.899113972411676,66.60044502476914,50.20513610815795
2023-04-21,Madrid,25.176614668435025,86.80402373540373,39.07242966238472
2023-04-22,London,12.850896448499217,65.25515226656411,39.15190173987932
2023-04-22,Berlin,12.706092559319723,64.9755634082558,34.34784575279206
2023-04-22,Warsaw,13.902304961838576,80.3880963998656,42.46227885958487
2023-04-22,Paris,14.764478491257618,35.55752898308203,32.384686131457464
2023-04-22,Madrid,-1.054650897190463,56.06419914039658,NA
2023-04-23,London,32.49583904205421,68.26129481375614,55.7218111803573
2023-04-23,Berlin,18.5918304919208,30.824733240680715,43.51912614612698
2023-04-23,Warsaw,5.838080845187575,33.751577744570746,22.52266687654333
2023-04-23,Paris,31.149768189111484,34.86895071217435,49.956406332418005
2023-04-23,Madrid,19.99685110302934,85.96263048796568,42.080034063789114
2023-04-24,London,29.170204129816263,74.27504360124152,45.220092547784134
2023-04-24,Berlin,21.833289928110695,65.06693458544555,31.860292706309576
2023-04-24,Warsaw,23.1034501553631,69.98778285161015,30.955375620547088
2023-04-24,Paris,1.6139420027675122,72.32764981700917,45.393779345474165
2023-04-24,Madrid,20.383240223969267,33.84038079651725,37.76371870916154
2023-04-25,London,11.128693502104854,48.06276467005878,34.318831731016424
2023-04-25,Berlin,22.93169366793098,36.323593086468314,34.75196374628562
2023-04-25,Warsaw,2.434931057207436,39.5695357524815,47.19807780121966
2023-04-25,Paris,20.42704397976724,82.90143671061048,19.41710315319679
2023-04-25,Madrid,11.686916168166773,48.58841251934814,25.816448982383747
2023-04-26,London,-6.448027025502377,51.22734952418616,42.992499511952005
2023-04-26,Berlin,20.488838353173644,87.16890102015037,31.17566309669453
2023-04-26,Warsaw,22.076364237084874,82.57916598853869,35.13557279768461
2023-04-26,Paris,16.75211418908512,41.63178407621356,79.77888503905115
2023-04-26,Madrid,16.748177688087775,74.90135121994439,37.469827330378536
2023-04-27,London,19.736320768114545,40.75519534435685,21.104283050276923
2023-04-27,Berlin,16.12104946824517,39.68176806332302,NA
2023-04-27,Warsaw,7.904201452508274,36.32072906887999,16.122426339869982
2023-04-27,Paris,0.8237606581522794,33.46392955350703,43.99788949753468
2023-04-27,Madrid,25.213832954293984,54.94650621139932,66.32664159304888
2023-04-28,London,25.859266963227974,40.30163446232697,50.82828276996564
2023-04-28,Berlin,18.278211728430854,61.95024398495891,48.86405209306744
2023-04-28,Warsaw,11.642690050802784,38.57051788885991,23.158319596385184
2023-04-28,Paris,23.584511166566653,42.25898300393822,31.480691450638794
2023-04-28,Madrid,14.542997689032207,63.640697696337,23.52512076865809
2023-04-29,London,17.806364044901365,80.16706219243493,61.379307262927
2023-04-29,Berlin,-5.858158589232886,77.4934921554822,32.19695604724401
2023-04-29,Warsaw,6.999614356023535,53.269565395015874,34.04713138076967
2023-04-29,Paris,12.242978070791336,62.505657856053794,49.11044215734023
2023-04-29,Madrid,8.932997052347034,52.52813570799002,38.16925538419209
2023-04-30,London,4.221281886228102,51.03123205716971,24.669235003656276
2023-04-30,Berlin,8.952553354617873,73.36426513432828,1.916509143513963
2023-04-30,Warsaw,12.91045844775986,30.318808540100758,66.65203373128435
2023-04-30,Paris,7.658262012215042,75.99090297195508,36.22993334620341
2023-04-30,Madrid,22.511308478058506,61.08048398427749,44.361071226792134
2023-05-01,London,29.033699701251905,40.19286036304412,45.46854908808541
2023-05-01,Berlin,18.560026292250264,75.52291926983524,38.26996115999206
2023-05-01,Warsaw,16.906355912650245,67.94347945970324,49.11965871151225
2023-05-01,Paris,5.1216931907953445,42.13525083147209,48.99848672473451
2023-05-01,Madrid,11.29491901409971,84.47031083301204,13.916494712320368
2023-05-02,London,17.222661324482416,52.967925866183265,27.809947078387225
2023-05-02,Berlin,8.42165446147863,71.54153534766348,47.81787840599924
2023-05-02,Warsaw,0.779934750924669,46.17071173753636,51.57591094704364
2023-05-02,Paris,19.63206292099123,45.878101615521445,14.492932903096314
2023-05-02,Madrid,22.12628483846429,41.263344341535124,46.39319704367064
2023-05-03,London,4.914453159237919,31.868945567603465,NA
2023-05-03,Berlin,,63.44023017438048,42.37313181315964
2023-05-03,Warsaw,21.791427754381957,83.28709133604215,30.469317507652036
2023-05-03,Paris,10.308509699741897,64.60214393146538,44.66942369476545
2023-05-03,Madrid,22.567886799869818,81.48139626043375,44.187031910204034
2023-05-04,London,,37.804840189736815,27.44315623844095
2023-05-04,Berlin,18.338599665685347,48.76667935262124,56.47050172746775
2023-05-04,Warsaw,28.34903247843444,32.336281001259934,44.44624817598012
2023-05-04,Paris,35.12270445700765,81.86599481210185,50.35564319160472
2023-05-04,Madrid,32.6877178325942,53.353828301507306,27.61784727205996
2023-05-05,London,18.676492929914215,42.69815391419167,3.4996023852256393
2023-05-05,Berlin,26.18457644847877,72.906009677022,43.23973466837343
2023-05-05,Warsaw,34.541574337502865,70.65189683302108,27.41379943607095
2023-05-05,Paris,15.013796510079851,71.45303859304937,15.8484057180337
2023-05-05,Madrid,7.575157674616159,68.15641960960265,27.720412469481975
2023-05-06,London,11.022958860930821,70.06563549618917,62.299232758245054
2023-05-06,Berlin,30.541604207147742,80.28929849931856,47.80963964828335
2023-05-06,Warsaw,5.197388237024899,54.113231993443804,80.92920448109328
2023-05-06,Paris,18.8632331781156,64.99144825662586,31.932931685208178
2023-05-06,Madrid,6.925645985303854,66.41081733240836,32.76492200954202
2023-05-07,London,3.693846650624737,81.77980988153232,44.34066835850403
2023-05-07,Berlin,6.044439064536652,78.15841874117578,NA
2023-05-07,Warsaw,17.53165238037981,88.40295714988926,47.30516018918684
2023-05-07,Paris,13.17579002847583,34.0209922650726,27.730568539940535
2023-05-07,Madrid,12.941405691196596,34.26209334264013,23.801324801896417
2023-05-08,London,-2.298978317268471,36.058686409065665,31.53634619477667
2023-05-08,Berlin,14.38235800139871,46.702108899759395,42.19162277129096
2023-05-08,Warsaw,4.850651936903583,37.78073869345412,23.582204227782867
2023-05-08,Paris,10.438791725258117,42.630416379920575,37.72139930170957
2023-05-08,Madrid,23.811833430420066,39.29551866860656,29.29637666104695
2023-05-09,London,20.731278132412,78.22829342900852,8.212002620988333
2023-05-09,Berlin,3.3432840971133526,67.43990913173894,35.27062472951149
2023-05-09,Warsaw,14.19400250703239,48.38780808256922,22.50415914498862
2023-05-09,Paris,3.141394528697969,73.50036457794712,0.17065373987284005
2023-05-09,Madrid,19.820667273353862,48.83252980334823,40.530997209762795
2023-05-10,London,3.1563982768797736,59.36355224439532,27.509235521129433
2023-05-10,Berlin,27.468917155347192,51.68422674403118,34.069939859509525
2023-05-10,Warsaw,9.738376464525107,75.7468175204921,5.535612166465803
2023-05-10,Paris,34.04136589573007,59.37746772301469,59.38938373043095
2023-05-10,Madrid,-5.966756985697955,69.70003557775135,47.95687736854493
2023-05-11,London,9.111331732613039,43.12258801941499,22.441063534254496
2023-05-11,Berlin,18.803814482163112,88.19559152071145,32.13738022034974
2023-05-11,Warsaw,27.179591523055585,52.04344372182423,27.30205453229906
2023-05-11,Paris,19.015606083877188,40.507388407821196,42.024733774087075
2023-05-11,Madrid,19.086073077017677,44.98013716441381,NA
2023-05-12,London,17.961848047310134,67.63973610544068,40.628254357357434
2023-05-12,Berlin,-5.8702701860206865,35.62659157542099,26.230734040142007
2023-05-12,Warsaw,8.438040451115569,84.50607311276252,24.00660671409161
2023-05-12,Paris,8.931348221428246,59.235921246003045,41.86529879080328
2023-05-12,Madrid,,40.24250179874881,29.519960704812938
2023-05-13,London,16.412571400874633,66.90774843247199,3.0415028028919906
2023-05-13,Berlin,8.491672743700368,32.09469315937343,35.02768932846509
2023-05-13,Warsaw,12.125524805996445,31.498299727022975,39.30993356604514
2023-05-13,Paris,17.49178671713897,46.86298501001335,21.597601491685875
2023-05-13,Madrid,10.499871420041863,75.04617895266334,53.85723825293859
2023-05-14,London,22.540831702904722,63.94689329045978,18.22588768152081
2023-05-14,Berlin,15.980675395389445,76.51464311009696,54.438076727945216
2023-05-14,Warsaw,20.054042734309974,45.92978444574434,37.93767870516028
2023-05-14,Paris,23.691545924968963,86.82968777401487,28.16690710964194
2023-05-14,Madrid,,87.80161922676228,20.285192025066223
2023-05-15,London,23.76046792529794,89.40653076521195,57.090060136264725
2023-05-15,Berlin,13.914070292875557,45.662911574090884,23.009773199359906
2023-05-15,Warsaw,21.404797952008238,33.70850764135336,32.14245341003283
2023-05-15,Paris,4.045990969907633,88.08458288704401,39.47587769849457
2023-05-15,Madrid,13.131038418380152,69.71481795822069,10.542901344272899
2023-05-16,London,23.651986080012755,79.04447083836656,37.49992530585984
2023-05-16,Berlin,5.510834791751627,54.1443755579587,61.21044796873338
2023-05-16,Warsaw,12.298400076173364,71.46334876435571,43.90890101633967
2023-05-16,Paris,9.710222919359847,55.7974571867893,19.15163535859621
2023-05-16,Madrid,17.29314128434647,47.27672056055955,60.690015692578534
2023-05-17,London,1.3168496116718948,39.86433174473272,64.80913998846212
2023-05-17,Berlin,12.226839434340196,73.9800064333574,45.72743601141027
2023-05-17,Warsaw,17.6402008133367,69.42182989404644,54.08530250160152
2023-05-17,Paris,19.66716234005182,36.26727108600908,42.595504662893816
2023-05-17,Madrid,30.163940552535728,31.946606762831216,44.03177480588725
2023-05-18,London,-2.4433071927825765,86.29894371907896,43.73366716345641
2023-05-18,Berlin,-4.078075578773909,33.0209716181612,22.094224838307472
2023-05-18,Warsaw,-0.2054131736989877,66.83821837951396,31.4912745403332
2023-05-18,Paris,25.826910538870735,79.24176964600676,27.93313022273182
2023-05-18,Madrid,26.5356342865986,49.69076896785672,27.22088031454558
2023-05-19,London,-0.19346075476842373,80.45452262417443,-7.482333971658534
2023-05-19,Berlin,19.84446605278938,53.076664558726094,41.92499442067045
2023-05-19,Warsaw,,61.89432916120387,41.738280819275516
2023-05-19,Paris,3.526780323516599,69.38457621003941,30.313673127574262
2023-05-19,Madrid,11.574507991422351,55.06001974901969,37.556956564948564
2023-05-20,London,16.798310795379063,34.608182898865294,42.31120890357265
2023-05-20,Berlin,26.590740649558978,78.88026028259935,29.95617891978392
2023-05-20,Warsaw,10.347831333819197,51.29386100919324,30.668070459507707
2023-05-20,Paris,9.444532205131335,53.715558925869466,38.065835474044654
2023-05-20,Madrid,3.0014027782040174,82.75981294070844,30.616171768342397
2023-05-21,London,32.54933071647241,87.48708053516603,35.276024461751575
2023-05-21,Berlin,28.704096939838664,54.192637991029365,56.44186703066011
2023-05-21,Warsaw,7.669670044760107,73.88978784258833,62.27092883836737
2023-05-21,Paris,16.518776096139398,80.67995454541347,53.82217915203754
2023-05-21,Madrid,13.141542478072527,80.65273951716858,39.64998474748332
2023-05-22,London,,49.512671776572674,8.531061360844294
2023-05-22,Berlin,14.055412855579972,73.70225126037876,41.294149580361776
2023-05-22,Warsaw,28.466697237548658,45.95570703792713,NA
2023-05-22,Paris,31.49480894323921,71.28273342444773,51.05915839968779
2023-05-22,Madrid,19.43501720584525,43.3605647473851,17.721974231198388
2023-05-23,London,3.382161560876362,40.2561841452509,30.752916548843494
2023-05-23,Berlin,6.595290643140691,30.995548837955873,31.628815692275232
2023-05-23,Warsaw,10.164385161534629,31.422465218671103,25.817496242677688
2023-05-23,Paris,11.263379217358295,82.10457143681604,27.390928841092816
2023-05-23,Madrid,-4.093560875072928,31.719145654659272,NA
2023-05-24,London,8.233291967519863,32.41548018055393,50.06889363689736
2023-05-24,Berlin,15.413256322706184,46.514350862220496,41.645031956710625
2023-05-24,Warsaw,12.58250361106553,62.99211376657232,46.70105446086596
2023-05-24,Paris,19.322629506341556,43.45911353121157,42.05066281052303
2023-05-24,Madrid,-4.854610204177622,82.24130732744635,25.84965533752466
2023-05-25,London,-14.069882193216415,50.06407073932492,29.377669150672908
2023-05-25,Berlin,17.521673504755757,78.32593975799918,17.208961529008803
2023-05-25,Warsaw,10.409096897810082,51.66448358046223,24.58099446255283
2023-05-25,Paris,30.677961311964722,41.60612057738895,22.107499402997348
2023-05-25,Madrid,4.977829810732752,54.67823832397387,23.713471439704477
2023-05-26,London,20.1651728439791,79.46102683496096,49.59494817999501
2023-05-26,Berlin,7.198008708825373,70.27624951374796,54.95862356058561
2023-05-26,Warsaw,21.052237010182555,64.66842301506509,51.73149946071702
2023-05-26,Paris,37.816518365388426,54.671428552169466,25.73537484599455
2023-05-26,Madrid,26.4460628205009,42.09170268037877,38.145699487960506
2023-05-27,London,,76.77100208544381,54.1829871997009
2023-05-27,Berlin,21.63447729151511,45.1815804552152,24.136302019124894
2023-05-27,Warsaw,24.003985883950634,49.45976264109108,41.768379789777626
2023-05-27,Paris,31.23263185486201,64.52155038774592,48.75972742038163
2023-05-27,Madrid,7.646965393180477,71.54125836926485,45.82218985636015
2023-05-28,London,6.917815912133635,33.5965980516785,45.6489369380079
2023-05-28,Berlin,6.531490338746353,58.711702195171355,53.74428357945
2023-05-28,Warsaw,11.832348940643529,34.8959232002903,NA
2023-05-28,Paris,4.291475813155612,62.88871216368132,63.671286307095855
2023-05-28,Madrid,17.1911060003441,33.025006416132555,36.1571717882469
2023-05-29,London,15.124993219072504,34.163645154251,78.02604583500153
2023-05-29,Berlin,21.28382036037623,54.39543224156834,31.40738946852583
2023-05-29,Warsaw,17.2899639245934,71.8699671303102,7.131478229025692
2023-05-29,Paris,26.82234028938315,86.7554786419252,NA
2023-05-29,Madrid,6.189316633387078,69.7100751068399,24.316688545264235
2023-05-30,London,26.650321048394574,63.3947057101292,16.316091325781677
2023-05-30,Berlin,17.314459225255725,36.206046891629,44.69734306588656
2023-05-30,Warsaw,11.224453435910402,30.001843130722946,39.15084458882474
2023-05-30,Paris,26.70198709196604,87.45789877635528,37.014447458716894
2023-05-30,Madrid,15.991383394181245,52.79874473792368,22.37432080942986
2023-05-31,London,11.698799060335496,48.89510667533374,31.824995271032346
2023-05-31,Berlin,14.684876755769771,61.91230599030099,39.121128541195176
2023-05-31,Warsaw,27.769653860881878,49.61646146020051,40.07035221652562
2023-05-31,Paris,27.05956017904542,48.91436607896705,52.12779867216457
2023-05-31,Madrid,17.16624975404619,71.60532768337853,19.61370974539584
2023-06-01,London,14.998808514409065,73.81495137177427,51.250106568669736
2023-06-01,Berlin,35.86047049537114,80.99755983019233,19.77860760221222
2023-06-01,Warsaw,40.54686325902116,62.482465254446296,25.367080211985936
2023-06-01,Paris,16.961314590239073,62.66069325805927,21.438975653959996
2023-06-01,Madrid,34.70864270717799,45.13871562418122,34.707969513843544
2023-06-02,London,30.898389781806838,51.88934821246792,43.611068313410016
2023-06-02,Berlin,20.9873901599314,63.38787824092932,21.19642205335434
2023-06-02,Warsaw,4.736307923341078,70.53977413242438,53.45000859078725
2023-06-02,Paris,-7.562499347482266,86.08379492929805,17.323394797099315
2023-06-02,Madrid,19.283166923752376,52.6703528236312,36.15734744326575
2023-06-03,London,2.4930393701177387,69.48613308338952,35.32915712322998
2023-06-03,Berlin,3.4666759679425496,36.908770703712065,9.689834793339344
2023-06-03,Warsaw,30.834772772495995,56.52200525586741,18.233317396445447
2023-06-03,Paris,19.004813865063287,39.0859388621978,36.965977793237734
2023-06-03,Madrid,-2.9673801297805333,50.28506456197569,57.355692052894724
2023-06-04,London,20.05965553455865,42.529856129675395,24.075916963900802
2023-06-04,Berlin,24.958719766589276,64.61889674506091,38.82495126011898
2023-06-04,Warsaw,6.837827554580352,63.951033618794796,36.17214594454471
2023-06-04,Paris,7.292629402991375,39.08673131612144,28.395548193386624
2023-06-04,Madrid,20.055892418358745,79.70632025633945,57.33669662492434
2023-06-05,London,25.95160411720232,77.00817360295606,41.50258249920264
2023-06-05,Berlin,19.35975389500046,64.83871355457805,-2.9836912782952822
2023-06-05,Warsaw,,87.03196925726454,33.749297833423014
2023-06-05,Paris,8.250659812094478,56.39133838283009,28.95386016402454
2023-06-05,Madrid,16.316445669192845,84.14419656664049,26.156489240113984
2023-06-06,London,8.926455667877885,79.22925506881649,33.84168432165431
2023-06-06,Berlin,26.414643179722507,63.281221487302034,26.610050927941323
2023-06-06,Warsaw,19.66545311450127,54.84846409293998,55.193386343041226
2023-06-06,Paris,1.5595537152815595,67.53904736563659,42.579897501170976
2023-06-06,Madrid,16.455211977682406,75.82153616101922,25.788161524875257
2023-06-07,London,9.074904347870696,56.51002228811728,38.5246681222437
2023-06-07,Berlin,10.223544173959947,33.06901233722386,16.172969420399077
2023-06-07,Warsaw,-8.764328563378637,80.34879648424516,29.919629901171874
2023-06-07,Paris,31.957228778108654,82.68201077066742,63.459330421596675
2023-06-07,Madrid,36.036731030617204,32.73510947692013,43.945956036764805
2023-06-08,London,10.454522812565557,40.19322439314344,31.72020083847446
2023-06-08,Berlin,-1.3760491745667167,51.488382991748665,36.79400394000656
2023-06-08,Warsaw,,34.60548371332428,3.4152958723951308
2023-06-08,Paris,3.8648076757200744,59.37864456192196,NA
2023-06-08,Madrid,4.894017800710866,35.905451346082124,27.271724092876358
2023-06-09,London,5.84075272737573,53.588827769640915,52.014421908323186
2023-06-09,Berlin,19.961991873633163,70.65274831102656,26.970249311485116
2023-06-09,Warsaw,6.025084368327905,76.94554873276726,15.317262837083263
2023-06-09,Paris,15.452227089999825,43.479443858505995,35.76796852821628
2023-06-09,Madrid,9.025766348567718,73.85222074656963,51.168526091799876
2023-06-10,London,19.347700645568914,81.98539101238201,42.131460237899354
2023-06-10,Berlin,12.498121667928372,62.91530490328131,18.95059765111127
2023-06-10,Warsaw,5.343351964767919,37.980587934439725,59.437495473514176
2023-06-10,Paris,28.680984817638127,59.028152391638834,17.468884572603105
2023-06-10,Madrid,29.974316831796266,39.687470043854404,62.86553515306599
2023-06-11,London,,74.53628353513722,40.080475532587776
2023-06-11,Berlin,18.308513046155777,45.66974595065162,56.76502157197004
2023-06-11,Warsaw,21.56947112324279,66.60647532217408,47.42099114558569
2023-06-11,Paris,9.68545448640785,65.95795722038332,11.482108619518161
2023-06-11,Madrid,14.982634767243045,47.137559313734585,NA
2023-06-12,London,21.405429350747735,40.46455602668997,36.84617302484272
2023-06-12,Berlin,23.525958032951028,54.441931452769936,66.80852180645752
2023-06-12,Warsaw,17.290746882057025,83.43950732771054,51.114770190733424
2023-06-12,Paris,30.58798069497889,84.78248801339136,28.4188111992756
2023-06-12,Madrid,6.6804508250554875,44.81142165574397,25.42575910207259
2023-06-13,London,-0.5597002631790708,66.92524678925012,62.94119738535893
2023-06-13,Berlin,15.712537499108924,42.839680721898816,15.597385621938564
2023-06-13,Warsaw,28.369204375647133,77.9193468213982,NA
2023-06-13,Paris,38.036387521047885,69.78163222338884,12.808336652904138
2023-06-13,Madrid,21.494973648592396,32.9532548724457,29.541209097655454
2023-06-14,London,6.760645130280004,38.287517588414836,24.21335822826221
2023-06-14,Berlin,3.6733624644035245,75.48242526067298,46.38767754057891
2023-06-14,Warsaw,1.5042378844846773,88.59366139937426,28.77179348142093
2023-06-14,Paris,25.043766347631323,75.95151863308452,24.491947579856923
2023-06-14,Madrid,5.141961913321733,70.30253155464365,30.73767353106804
2023-06-15,London,15.222039345426365,48.731384194147765,13.08612592022514
2023-06-15,Berlin,6.656769545084179,54.3195216388172,46.460446723592895
2023-06-15,Warsaw,16.094075990200583,52.2139311410746,36.136390147975696
2023-06-15,Paris,11.608777207299612,87.37751289080168,40.55091672903433
2023-06-15,Madrid,14.76975145553499,36.54081693845572,24.06982899581314
2023-06-16,London,17.58661147855388,48.14797904768818,38.1910966378649
2023-06-16,Berlin,9.35018088967924,71.41937081404373,41.34818561685527
2023-06-16,Warsaw,15.071784669079419,68.74350260106323,3.7028351244337294
2023-06-16,Paris,24.898601405859992,81.68508276573104,25.772184864265892
2023-06-16,Madrid,26.927351654164145,75.10950875740087,16.131977661366683
2023-06-17,London,23.168679695322624,37.901214206172426,28.605971649853622
2023-06-17,Berlin,3.569806879262714,82.3825888209122,47.30237280133227
2023-06-17,Warsaw,12.962728719584018,80.94588119752056,62.09774315993015
2023-06-17,Paris,16.786947168104756,41.3517475434213,53.43822176445576
2023-06-17,Madrid,6.398073045775018,79.72253902908038,69.42152887321677
2023-06-18,London,27.18194711754256,51.7789704242323,50.86052458067338
2023-06-18,Berlin,,83.1828217176085,21.077860425814244
2023-06-18,Warsaw,25.651719657143865,46.23355538927949,56.78925118229269
2023-06-18,Paris,24.965246338965805,53.58730789242475,NA
2023-06-18,Madrid,19.24066861518451,52.14817162855227,35.59170572361109
2023-06-19,London,-12.222777409231448,82.79487760362088,49.13817842680208
2023-06-19,Berlin,13.185509307524832,69.78877493851252,33.40494496203028
2023-06-19,Warsaw,28.99283341270051,41.74275840597895,29.271015924119528
2023-06-19,Paris,3.0030247163469177,45.398832431165744,0.25784205546685257
2023-06-19,Madrid,23.965886542360185,89.74406712307939,9.916253381490222
2023-06-20,London,10.421516138175107,42.25452638210573,32.6095665178114
2023-06-20,Berlin,19.788187482130752,40.06887573876172,45.19363527740962
2023-06-20,Warsaw,18.216785413765002,55.83214925478222,37.520897089502306
2023-06-20,Paris,2.665024160550967,67.27983744934244,12.65543867845836
2023-06-20,Madrid,27.528426344274838,50.47466698546324,28.27663075549776
2023-06-21,London,,81.9621405027454,35.42019373038334
2023-06-21,Berlin,17.77358461964676,58.99392455252611,34.6658153122443
2023-06-21,Warsaw,17.48273932911446,89.52813836871496,10.616009500108223
2023-06-21,Paris,5.246339727217501,30.418935712820886,54.55261897902139
2023-06-21,Madrid,,79.65142163722902,50.448238086954966
2023-06-22,London,7.179965074889631,34.09119718592776,23.604453237795695
2023-06-22,Berlin,8.409932417676664,52.61201282083131,10.032848970001666
2023-06-22,Warsaw,-5.7558800907853325,36.40804224014182,33.7089546081366
2023-06-22,Paris,4.4367200069425845,49.22407716841289,19.122444185062815
2023-06-22,Madrid,18.16358321536145,37.43076160234905,21.721269708136663
2023-06-23,London,19.85001291523228,62.67785226642815,27.982667257516006
2023-06-23,Berlin,20.861658003927833,40.12860034707385,NA
2023-06-23,Warsaw,30.698664362599672,86.087731049567,36.02955572641573
2023-06-23,Paris,13.356647941146088,47.051057742703726,38.18140029611263
2023-06-23,Madrid,24.327436083455787,39.59278580198648,1.5008177096635364
2023-06-24,London,15.347137487525618,77.78643369140863,5.472436798429193
2023-06-24,Berlin,16.634054740224038,35.24679010799313,17.065643437171815
2023-06-24,Warsaw,11.171828103870313,40.745696359690896,33.14406580587746
2023-06-24,Paris,19.034689181079173,36.52095236248152,26.759602175968375
2023-06-24,Madrid,8.29884799545767,67.66013262952852,52.575768720742396
2023-06-25,London,17.78991794748474,78.49609267297669,47.927252048282355
2023-06-25,Berlin,25.36087651046256,51.35746640823843,13.655376121074905
2023-06-25,Warsaw,10.569051260439293,37.9361229059089,52.726420934922416
2023-06-25,Paris,24.788895585567793,66.05672907226314,14.423853061047417
2023-06-25,Madrid,10.126105837098947,58.14244485108924,43.004719930533305
2023-06-26,London,27.960630617813962,31.52091625583631,18.392647747963224
2023-06-26,Berlin,16.42809392442583,44.448228964390395,26.333742377687347
2023-06-26,Warsaw,10.480506280881222,35.385570033609426,NA
2023-06-26,Paris,4.387064682885182,48.46074536867691,34.318025358064936
2023-06-26,Madrid,18.195246707829554,83.06872365580554,59.804259027384276
2023-06-27,London,10.297564076967188,84.98934906693086,28.56404184647813
2023-06-27,Berlin,7.606285925409637,87.12374679834016,52.87849001620359
2023-06-27,Warsaw,12.596717625669852,43.61871236829126,9.95198499989404
2023-06-27,Paris,-3.4379358348074582,87.69304392825399,21.645232279701922
2023-06-27,Madrid,21.98320815756202,64.13732899691104,31.20572451161354
2023-06-28,London,7.0005949329806585,80.90830646437587,6.379967943150387
2023-06-28,Berlin,16.59647769407903,74.49763724711333,43.571125815781706
2023-06-28,Warsaw,9.438812532392195,54.11257627420437,33.0490955966957
2023-06-28,Paris,7.5801657190805525,68.08464846624177,54.3745284014067
2023-06-28,Madrid,0.8473280807581247,47.51467040986844,38.27801063616418
2023-06-29,London,6.15841520056232,83.87731297110115,-3.8262494830629947
2023-06-29,Berlin,11.535734939931004,37.406991948621304,NA
2023-06-29,Warsaw,22.526823152860572,80.3459819279767,17.188018973923423
2023-06-29,Paris,21.715311717290533,73.8750353608425,57.92047039081749
2023-06-29,Madrid,-3.6044799992430683,68.90787341401423,47.9636542210134
